SVD Rank,Explained Var (%),Intervention,Base Loss,Feature Loss,Feature Effect Size,Control Loss,Control Effect Size,Causal Delta
1,78.01 ± 4.25,Ablation (Projection-Out),0.0272 ± 0.0030,1.4714 ± 0.3648,1.4443 ± 0.3640,0.0320 ± 0.0055,0.0048 ± 0.0027,1.4395 ± 0.3624
1,78.01 ± 4.25,Clamping (Mean-Projection),0.0272 ± 0.0030,0.1076 ± 0.0209,0.0805 ± 0.0186,0.0273 ± 0.0030,0.0001 ± 0.0001,0.0803 ± 0.0185
1,78.01 ± 4.25,Amplification (2x),0.0272 ± 0.0030,1.8043 ± 0.5934,1.7771 ± 0.5932,0.0381 ± 0.0111,0.0109 ± 0.0102,1.7662 ± 0.5860
1,78.01 ± 4.25,Swapping,0.0272 ± 0.0030,0.1917 ± 0.0375,0.1645 ± 0.0357,0.0275 ± 0.0030,0.0003 ± 0.0002,0.1642 ± 0.0355
2,6.33 ± 2.63,Ablation (Projection-Out),0.0272 ± 0.0030,0.1756 ± 0.2746,0.1484 ± 0.2738,0.0308 ± 0.0085,0.0036 ± 0.0058,0.1448 ± 0.2739
2,6.33 ± 2.63,Clamping (Mean-Projection),0.0272 ± 0.0030,0.0302 ± 0.0046,0.0031 ± 0.0028,0.0275 ± 0.0033,0.0003 ± 0.0004,0.0027 ± 0.0026
2,6.33 ± 2.63,Amplification (2x),0.0272 ± 0.0030,0.1980 ± 0.2808,0.1708 ± 0.2800,0.0311 ± 0.0071,0.0039 ± 0.0042,0.1669 ± 0.2786
2,6.33 ± 2.63,Swapping,0.0272 ± 0.0030,0.0329 ± 0.0066,0.0057 ± 0.0050,0.0277 ± 0.0035,0.0005 ± 0.0006,0.0052 ± 0.0046
3,3.97 ± 0.45,Ablation (Projection-Out),0.0272 ± 0.0030,0.0375 ± 0.0105,0.0104 ± 0.0090,0.0283 ± 0.0041,0.0011 ± 0.0015,0.0093 ± 0.0078
3,3.97 ± 0.45,Clamping (Mean-Projection),0.0272 ± 0.0030,0.0283 ± 0.0032,0.0011 ± 0.0007,0.0274 ± 0.0031,0.0002 ± 0.0002,0.0009 ± 0.0007
3,3.97 ± 0.45,Amplification (2x),0.0272 ± 0.0030,0.0423 ± 0.0172,0.0151 ± 0.0158,0.0331 ± 0.0117,0.0059 ± 0.0111,0.0092 ± 0.0080
3,3.97 ± 0.45,Swapping,0.0272 ± 0.0030,0.0294 ± 0.0036,0.0023 ± 0.0014,0.0276 ± 0.0032,0.0004 ± 0.0004,0.0018 ± 0.0013
4,2.96 ± 0.13,Ablation (Projection-Out),0.0272 ± 0.0030,0.0330 ± 0.0114,0.0058 ± 0.0119,0.0336 ± 0.0149,0.0064 ± 0.0140,-0.0006 ± 0.0203
4,2.96 ± 0.13,Clamping (Mean-Projection),0.0272 ± 0.0030,0.0278 ± 0.0029,0.0006 ± 0.0006,0.0272 ± 0.0030,0.0000 ± 0.0001,0.0006 ± 0.0006
4,2.96 ± 0.13,Amplification (2x),0.0272 ± 0.0030,0.0340 ± 0.0130,0.0068 ± 0.0135,0.0331 ± 0.0130,0.0060 ± 0.0120,0.0009 ± 0.0208
4,2.96 ± 0.13,Swapping,0.0272 ± 0.0030,0.0283 ± 0.0030,0.0011 ± 0.0009,0.0272 ± 0.0030,0.0001 ± 0.0001,0.0010 ± 0.0009
5,1.94 ± 0.46,Ablation (Projection-Out),0.0272 ± 0.0030,0.0283 ± 0.0040,0.0011 ± 0.0015,0.0333 ± 0.0089,0.0061 ± 0.0086,-0.0050 ± 0.0076
5,1.94 ± 0.46,Clamping (Mean-Projection),0.0272 ± 0.0030,0.0274 ± 0.0031,0.0002 ± 0.0001,0.0273 ± 0.0030,0.0001 ± 0.0001,0.0001 ± 0.0002
5,1.94 ± 0.46,Amplification (2x),0.0272 ± 0.0030,0.0289 ± 0.0039,0.0017 ± 0.0016,0.0409 ± 0.0114,0.0137 ± 0.0133,-0.0120 ± 0.0131
5,1.94 ± 0.46,Swapping,0.0272 ± 0.0030,0.0276 ± 0.0031,0.0004 ± 0.0002,0.0276 ± 0.0027,0.0005 ± 0.0004,-0.0000 ± 0.0005
