seed,svd_rank,explained_variance,Intervention,Base Loss,Feature Loss,Feature Effect Size,Control Loss,Control Effect Size,Causal Delta
42,1,0.802912175655365,Ablation (Projection-Out),0.027418826818466187,1.8008954162597657,1.7734765894412996,0.03483169376850128,0.007412866950035093,1.7660637224912645
42,1,0.802912175655365,Clamping (Mean-Projection),0.027418826818466187,0.11122792196273804,0.08380909514427184,0.027530738830566406,0.00011191201210021887,0.08369718313217163
42,1,0.802912175655365,Amplification (2x),0.027418826818466187,2.3444522857666015,2.3170334589481354,0.055714722156524656,0.028295895338058468,2.288737563610077
42,1,0.802912175655365,Swapping,0.027418826818466187,0.20724711894989015,0.17982829213142396,0.02784353804588318,0.0004247112274169927,0.17940358090400696
42,2,0.05320432037115097,Ablation (Projection-Out),0.027418826818466187,0.04485707020759583,0.01743824338912964,0.028788848161697387,0.0013700213432311995,0.01606822204589844
42,2,0.05320432037115097,Clamping (Mean-Projection),0.027418826818466187,0.029318435490131377,0.0018996086716651893,0.027443485379219056,2.465856075286807e-05,0.0018749501109123212
42,2,0.05320432037115097,Amplification (2x),0.027418826818466187,0.06460985684394836,0.03719103002548217,0.03008686184883118,0.002668035030364991,0.034522994995117184
42,2,0.05320432037115097,Swapping,0.027418826818466187,0.031133240699768066,0.0037144138813018784,0.027497213661670687,7.838684320449901e-05,0.0036360270380973794
42,3,0.04452923312783241,Ablation (Projection-Out),0.027418826818466187,0.05080303800106049,0.0233842111825943,0.030421860098838807,0.0030030332803726197,0.02038117790222168
42,3,0.04452923312783241,Clamping (Mean-Projection),0.027418826818466187,0.029364312052726747,0.0019454852342605591,0.0278142728805542,0.0003954460620880125,0.0015500391721725466
42,3,0.04452923312783241,Amplification (2x),0.027418826818466187,0.06683664083480835,0.03941781401634216,0.05306946134567261,0.02565063452720642,0.01376717948913574
42,3,0.04452923312783241,Swapping,0.027418826818466187,0.03126600712537766,0.0038471803069114706,0.028443384647369386,0.0010245578289031984,0.002822622478008272
42,4,0.030344104394316673,Ablation (Projection-Out),0.027418826818466187,0.027836992025375366,0.0004181652069091789,0.026940036654472352,-0.00047879016399383564,0.0008969553709030145
42,4,0.030344104394316673,Clamping (Mean-Projection),0.027418826818466187,0.02763032817840576,0.00021150135993957403,0.02747376894950867,5.494213104248122e-05,0.0001565592288970928
42,4,0.030344104394316673,Amplification (2x),0.027418826818466187,0.029115555942058564,0.001696729123592377,0.02902902603149414,0.0016101992130279526,8.652991056442433e-05
42,4,0.030344104394316673,Swapping,0.027418826818466187,0.02797430157661438,0.0005554747581481938,0.027562366485595704,0.00014353966712951638,0.0004119350910186774
42,5,0.015290648676455021,Ablation (Projection-Out),0.027418826818466187,0.027644361853599548,0.00022553503513336043,0.027995184659957886,0.0005763578414916988,-0.0003508228063583384
42,5,0.015290648676455021,Clamping (Mean-Projection),0.027418826818466187,0.027576563715934754,0.0001577368974685668,0.02744597589969635,2.7149081230162103e-05,0.0001305878162384047
42,5,0.015290648676455021,Amplification (2x),0.027418826818466187,0.02776448655128479,0.00034565973281860257,0.02743512850999832,1.6301691532133455e-05,0.0003293580412864691
42,5,0.015290648676455021,Swapping,0.027418826818466187,0.02771984887123108,0.00030102205276489116,0.027481207132339477,6.238031387328924e-05,0.00023864173889160192
100,1,0.7071885466575623,Ablation (Projection-Out),0.0282394837141037,0.9074488677978516,0.8792093840837479,0.03243106114864349,0.0041915774345397915,0.8750178066492081
100,1,0.7071885466575623,Clamping (Mean-Projection),0.0282394837141037,0.09199007654190064,0.06375059282779694,0.028236348867416383,-3.1348466873158676e-06,0.06375372767448426
100,1,0.7071885466575623,Amplification (2x),0.0282394837141037,0.8298489685058594,0.8016094847917558,0.031135814905166627,0.002896331191062928,0.7987131536006928
100,1,0.7071885466575623,Swapping,0.0282394837141037,0.14992088222503663,0.12168139851093293,0.028245150446891784,5.666732788085077e-06,0.12167573177814485
100,2,0.11003056168556213,Ablation (Projection-Out),0.0282394837141037,0.6649667224884033,0.6367272387742996,0.031111778020858766,0.0028722943067550667,0.6338549444675445
100,2,0.11003056168556213,Clamping (Mean-Projection),0.0282394837141037,0.036223079204559326,0.007983595490455627,0.02896344780921936,0.0007239640951156624,0.007259631395339965
100,2,0.11003056168556213,Amplification (2x),0.0282394837141037,0.6962655696868897,0.668026085972786,0.0339938313961029,0.005754347681999204,0.6622717382907868
100,2,0.11003056168556213,Swapping,0.0282394837141037,0.04246353197097778,0.014224048256874084,0.029288451313972473,0.001048967599868774,0.01317508065700531
100,3,0.034732088446617126,Ablation (Projection-Out),0.0282394837141037,0.02897399950027466,0.0007345157861709598,0.02862063241004944,0.00038114869594573983,0.0003533670902252199
100,3,0.034732088446617126,Clamping (Mean-Projection),0.0282394837141037,0.02838987934589386,0.00015039563179015947,0.028587039709091187,0.0003475559949874876,-0.00019716036319732816
100,3,0.034732088446617126,Amplification (2x),0.0282394837141037,0.030789823532104493,0.0025503398180007943,0.0290910404920578,0.0008515567779541003,0.001698783040046694
100,3,0.034732088446617126,Swapping,0.0282394837141037,0.028522892236709594,0.00028340852260589494,0.028758512258529663,0.0005190285444259639,-0.00023562002182006894
100,4,0.029535045847296715,Ablation (Projection-Out),0.0282394837141037,0.028747910022735596,0.0005084263086318971,0.059716498613357545,0.03147701489925385,-0.030968588590621952
100,4,0.029535045847296715,Clamping (Mean-Projection),0.0282394837141037,0.028622296929359435,0.00038281321525573606,0.028138311862945558,-0.00010117185115814109,0.00048398506641387715
100,4,0.029535045847296715,Amplification (2x),0.0282394837141037,0.02824330699443817,3.823280334470935e-06,0.05567778515815735,0.02743830144405365,-0.02743447816371918
100,4,0.029535045847296715,Swapping,0.0282394837141037,0.028821961522102355,0.0005824778079986555,0.02821464717388153,-2.4836540222169384e-05,0.0006073143482208249
100,5,0.023048818111419678,Ablation (Projection-Out),0.0282394837141037,0.03157692205905914,0.003337438344955441,0.0490932412147522,0.0208537575006485,-0.017516319155693058
100,5,0.023048818111419678,Clamping (Mean-Projection),0.0282394837141037,0.02852404820919037,0.0002845644950866706,0.028522560477256775,0.0002830767631530756,1.487731933594999e-06
100,5,0.023048818111419678,Amplification (2x),0.0282394837141037,0.032276303052902224,0.0040368193387985245,0.05138535022735596,0.023145866513252258,-0.019109047174453733
100,5,0.023048818111419678,Swapping,0.0282394837141037,0.028742921948432924,0.0005034382343292246,0.028922925472259522,0.0006834417581558228,-0.00018000352382659818
2026,1,0.7783603668212891,Ablation (Projection-Out),0.025619208097457886,1.5397818069458007,1.5141625988483427,0.02935405147075653,0.0037348433732986436,1.510427755475044
2026,1,0.7783603668212891,Clamping (Mean-Projection),0.025619208097457886,0.10265088844299317,0.07703168034553529,0.02573078054189682,0.00011157244443893433,0.07692010790109635
2026,1,0.7783603668212891,Amplification (2x),0.025619208097457886,2.0381211166381834,2.0125019085407256,0.034736447095870975,0.009117238998413088,2.0033846695423128
2026,1,0.7783603668212891,Swapping,0.025619208097457886,0.18851718473434448,0.1628979766368866,0.025863348424434662,0.00024414032697677585,0.16265383630990982
2026,2,0.05528304725885391,Ablation (Projection-Out),0.025619208097457886,0.030834056496620178,0.005214848399162291,0.02568860363960266,6.939554214477339e-05,0.005145452857017518
2026,2,0.05528304725885391,Clamping (Mean-Projection),0.025619208097457886,0.026264630496501924,0.0006454223990440371,0.025690646052360534,7.143795490264712e-05,0.0005739844441413899
2026,2,0.05528304725885391,Amplification (2x),0.025619208097457886,0.028099323868751525,0.002480115771293638,0.026416605591773987,0.0007973974943161002,0.0016827182769775378
2026,2,0.05528304725885391,Swapping,0.025619208097457886,0.026985413670539856,0.0013662055730819696,0.025727322220802307,0.00010811412334442091,0.0012580914497375487
2026,3,0.04388131573796272,Ablation (Projection-Out),0.025619208097457886,0.03531136178970337,0.009692153692245485,0.02549390661716461,-0.00012530148029327517,0.00981745517253876
2026,3,0.04388131573796272,Clamping (Mean-Projection),0.025619208097457886,0.02691208803653717,0.0012928799390792833,0.025606756508350374,-1.24515891075129e-05,0.0013053315281867962
2026,3,0.04388131573796272,Amplification (2x),0.025619208097457886,0.03488012075424194,0.009260912656784054,0.02648886615037918,0.0008696580529212947,0.00839125460386276
2026,3,0.04388131573796272,Swapping,0.025619208097457886,0.028181516766548155,0.0025623086690902686,0.025608134150505064,-1.1073946952822045e-05,0.0025733826160430906
2026,4,0.031139923259615898,Ablation (Projection-Out),0.025619208097457886,0.05269611382484436,0.027076905727386476,0.026527548909187317,0.0009083408117294307,0.026168564915657045
2026,4,0.031139923259615898,Clamping (Mean-Projection),0.025619208097457886,0.027250371694564818,0.0016311635971069313,0.02564240026473999,2.3192167282103104e-05,0.0016079714298248282
2026,4,0.031139923259615898,Amplification (2x),0.025619208097457886,0.05652764391899109,0.0309084358215332,0.02527987194061279,-0.00033933615684509505,0.031247771978378296
2026,4,0.031139923259615898,Swapping,0.025619208097457886,0.028191697835922243,0.0025724897384643564,0.02566929519176483,5.008709430694494e-05,0.0025224026441574114
2026,5,0.024891061708331108,Ablation (Projection-Out),0.025619208097457886,0.025311222076416017,-0.0003079860210418693,0.028375807642936707,0.0027565995454788203,-0.0030645855665206896
2026,5,0.024891061708331108,Clamping (Mean-Projection),0.025619208097457886,0.02580000829696655,0.00018080019950866486,0.02566629159450531,4.70834970474239e-05,0.00013371670246124095
2026,5,0.024891061708331108,Amplification (2x),0.025619208097457886,0.02817513144016266,0.0025559233427047724,0.04048588907718659,0.014866680979728701,-0.012310757637023929
2026,5,0.024891061708331108,Swapping,0.025619208097457886,0.02604119265079498,0.00042198455333709514,0.02642203938961029,0.0008028312921524033,-0.0003808467388153082
3141,1,0.8108861446380615,Ablation (Projection-Out),0.031294899225234984,1.7632148208618164,1.7319199216365813,0.038831396460533144,0.007536497235298159,1.724383424401283
3141,1,0.8108861446380615,Clamping (Mean-Projection),0.031294899225234984,0.1418019995689392,0.11050710034370423,0.03159156608581543,0.00029666686058044817,0.11021043348312379
3141,1,0.8108861446380615,Amplification (2x),0.031294899225234984,2.1194774780273438,2.0881825788021087,0.04134733724594116,0.010052438020706177,2.0781301407814023
3141,1,0.8108861446380615,Swapping,0.031294899225234984,0.2463617124557495,0.21506681323051452,0.031733633875846864,0.00043873465061188,0.21462807857990263
3141,2,0.049059316515922546,Ablation (Projection-Out),0.031294899225234984,0.09359893131256103,0.062304032087326044,0.045070597767829894,0.01377569854259491,0.048528333544731135
3141,2,0.049059316515922546,Clamping (Mean-Projection),0.031294899225234984,0.03370273756980896,0.002407838344573976,0.03207661235332489,0.0007817131280899031,0.0016261252164840728
3141,2,0.049059316515922546,Amplification (2x),0.031294899225234984,0.1275503487586975,0.09625544953346252,0.041685874223709105,0.01039097499847412,0.0858644745349884
3141,2,0.049059316515922546,Swapping,0.031294899225234984,0.03654905068874359,0.005254151463508605,0.032655407428741456,0.001360508203506472,0.003893643260002133
3141,3,0.03583725541830063,Ablation (Projection-Out),0.031294899225234984,0.045805426955223084,0.0145105277299881,0.033709070563316346,0.002414171338081361,0.012096356391906739
3141,3,0.03583725541830063,Clamping (Mean-Projection),0.031294899225234984,0.032804914593696596,0.0015100153684616119,0.03162052166461945,0.00032562243938446395,0.001184392929077148
3141,3,0.03583725541830063,Amplification (2x),0.031294899225234984,0.05320851874351502,0.021913619518280032,0.03293645036220551,0.0016415511369705232,0.02027206838130951
3141,3,0.03583725541830063,Swapping,0.031294899225234984,0.03444834423065186,0.003153445005416873,0.03189008402824402,0.0005951848030090329,0.00255826020240784
3141,4,0.029288193210959435,Ablation (Projection-Out),0.031294899225234984,0.031903082966804504,0.0006081837415695193,0.03161703109741211,0.00032213187217712547,0.00028605186939239385
3141,4,0.029288193210959435,Clamping (Mean-Projection),0.031294899225234984,0.031707409739494326,0.0004125105142593413,0.03132662892341614,3.1729698181152954e-05,0.00038078081607818837
3141,4,0.029288193210959435,Amplification (2x),0.031294899225234984,0.03251584684848786,0.001220947623252873,0.03202819991111756,0.0007333006858825722,0.00048764693737030074
3141,4,0.029288193210959435,Swapping,0.031294899225234984,0.03244229257106781,0.0011473933458328242,0.031358536481857296,6.363725662231201e-05,0.0010837560892105122
3141,5,0.019117118790745735,Ablation (Projection-Out),0.031294899225234984,0.0330727025270462,0.0017778033018112163,0.031216357827186583,-7.854139804840121e-05,0.0018563446998596175
3141,5,0.019117118790745735,Clamping (Mean-Projection),0.031294899225234984,0.03168348228931427,0.0003885830640792884,0.03129620659351349,1.3073682785039176e-06,0.00038727569580078447
3141,5,0.019117118790745735,Amplification (2x),0.031294899225234984,0.03292016243934631,0.0016252632141113277,0.03196928679943085,0.000674387574195863,0.0009508756399154647
3141,5,0.019117118790745735,Swapping,0.031294899225234984,0.03196481919288635,0.0006699199676513667,0.031310871481895444,1.597225666045976e-05,0.000653947710990907
404,1,0.8012620210647583,Ablation (Projection-Out),0.023294702291488646,1.3458219604492188,1.32252725815773,0.024336294770240782,0.001041592478752136,1.321485665678978
404,1,0.8012620210647583,Clamping (Mean-Projection),0.023294702291488646,0.09046460866928101,0.06716990637779235,0.023447289407253265,0.00015258711576461928,0.06701731926202774
404,1,0.8012620210647583,Amplification (2x),0.023294702291488646,1.689703155517578,1.6664084532260894,0.02742044723033905,0.004125744938850404,1.6622827082872391
404,1,0.8012620210647583,Swapping,0.023294702291488646,0.16640855741500854,0.1431138551235199,0.02361243498325348,0.00031773269176483404,0.14279612243175507
404,2,0.04872458800673485,Ablation (Projection-Out),0.023294702291488646,0.04358780360221863,0.020293101310729984,0.02339809274673462,0.00010339045524597468,0.02018971085548401
404,2,0.04872458800673485,Clamping (Mean-Projection),0.023294702291488646,0.025674714028835297,0.0023800117373466503,0.02332913690805435,3.4434616565704596e-05,0.0023455771207809457
404,2,0.04872458800673485,Amplification (2x),0.023294702291488646,0.07357327103614807,0.05027856874465942,0.023402673721313477,0.00010797142982483035,0.050170597314834586
404,2,0.04872458800673485,Swapping,0.023294702291488646,0.02737555468082428,0.004080852389335633,0.023348075389862062,5.337309837341597e-05,0.004027479290962217
404,3,0.03966394066810608,Ablation (Projection-Out),0.023294702291488646,0.02680183571577072,0.003507133424282074,0.023139631509780885,-0.00015507078170776123,0.003662204205989835
404,3,0.03966394066810608,Clamping (Mean-Projection),0.023294702291488646,0.023956251442432405,0.0006615491509437584,0.02335447007417679,5.976778268814223e-05,0.0006017813682556161
404,3,0.03966394066810608,Amplification (2x),0.023294702291488646,0.02559696447849274,0.002302262187004092,0.023714004874229432,0.00041930258274078605,0.001882959604263306
404,3,0.03966394066810608,Swapping,0.023294702291488646,0.02473040038347244,0.0014356980919837947,0.023380920827388765,8.621853590011844e-05,0.0013494795560836763
404,4,0.027789728716015816,Ablation (Projection-Out),0.023294702291488646,0.02361027503013611,0.0003155727386474627,0.023162437915802,-0.00013226437568664498,0.0004478371143341077
404,4,0.027789728716015816,Clamping (Mean-Projection),0.023294702291488646,0.02363460099697113,0.00033989870548248313,0.023356710076332093,6.200778484344652e-05,0.0002778909206390366
404,4,0.027789728716015816,Amplification (2x),0.023294702291488646,0.023508458733558654,0.00021375644207000805,0.023608629763126374,0.00031392747163772744,-0.0001001710295677194
404,4,0.027789728716015816,Swapping,0.023294702291488646,0.02386818039417267,0.0005734781026840233,0.023387182414531707,9.24801230430608e-05,0.00048099797964096247
404,5,0.014659474603831768,Ablation (Projection-Out),0.023294702291488646,0.02386486488580704,0.0005701625943183922,0.029927252173423766,0.00663254988193512,-0.006062387287616728
404,5,0.014659474603831768,Clamping (Mean-Projection),0.023294702291488646,0.023477806329727173,0.00018310403823852683,0.023470553278923036,0.00017585098743438943,7.2530508041374064e-06
404,5,0.014659474603831768,Amplification (2x),0.023294702291488646,0.023341275334358216,4.657304286957015e-05,0.05306418871879578,0.029769486427307132,-0.029722913384437562
404,5,0.014659474603831768,Swapping,0.023294702291488646,0.0236070454120636,0.00031234312057495245,0.02407943868637085,0.0007847363948822045,-0.00047239327430725203
